email,no. of player wins,no. of computer wins,no. of moves,draw,game
t@em.ie,1,0,7,no,1
t@em.ie,2,0,17,no,2
t@em.ie,3,0,25,no,3
t@em.ie,4,0,34,no,4
t@em.ie,4,1,43,no,5
t@em.ie,4,2,54,no,6
t@em.ie,5,2,64,no,7
t@em.ie,6,2,77,no,8
t@em.ie,7,2,88,no,9
t@em.ie,8,2,98,no,10
t@em.ie,8,3,107,no,11
t@em.ie,9,3,124,no,12
t@em.ie,10,3,131,no,13
t@em.ie,11,3,140,no,14
t@em.ie,11,4,149,no,15
t@em.ie,11,5,154,no,16
t@em.ie,12,5,164,no,17
t@em.ie,13,5,171,no,18
t@em.ie,14,5,180,no,19
t@em.ie,15,5,185,no,20
t@em.ie,16,5,191,no,21
t@em.ie,17,5,201,no,22
t@em.ie,18,5,216,no,23
t@em.ie,19,5,223,no,24
t@em.ie,20,5,235,no,25
t@em.ie,20,6,246,no,26
t@em.ie,21,6,254,no,27
t@em.ie,21,7,261,no,28
t@em.ie,21,8,269,no,29
t@em.ie,22,8,282,no,30
t@em.ie,23,8,291,no,31
t@em.ie,24,8,310,no,32
t@em.ie,25,8,317,no,33
t@em.ie,26,8,329,no,34
t@em.ie,27,8,334,no,35
t@em.ie,27,9,343,no,36
t@em.ie,28,9,352,no,37
t@em.ie,28,10,360,no,38
t@em.ie,29,10,366,no,39
t@em.ie,30,10,374,no,40
t@em.ie,31,10,390,no,41
t@em.ie,32,10,397,no,42
t@em.ie,33,10,406,no,43
t@em.ie,33,11,420,no,44
t@em.ie,34,11,425,no,45
t@em.ie,35,11,435,no,46
t@em.ie,36,11,445,no,47
t@em.ie,36,12,456,no,48
t@em.ie,37,12,471,no,49
t@em.ie,37,13,485,no,50
t@em.ie,38,13,492,no,51
t@em.ie,39,13,505,no,52
t@em.ie,39,14,513,no,53
t@em.ie,40,14,522,no,54
t@em.ie,41,14,530,no,55
t@em.ie,42,14,538,no,56
t@em.ie,42,15,549,no,57
t@em.ie,42,16,558,no,58
t@em.ie,43,16,566,no,59
t@em.ie,44,16,571,no,60
t@em.ie,45,16,578,no,61
t@em.ie,46,16,588,no,62
t@em.ie,47,16,598,no,63
t@em.ie,48,16,604,no,64
t@em.ie,48,17,616,no,65
t@em.ie,48,18,625,no,66
t@em.ie,49,18,636,no,67
t@em.ie,49,19,650,no,68
t@em.ie,50,19,658,no,69
t@em.ie,51,19,670,no,70
t@em.ie,52,19,679,no,71
t@em.ie,52,20,691,no,72
t@em.ie,53,20,702,no,73
t@em.ie,53,21,716,no,74
t@em.ie,54,21,728,no,75
t@em.ie,55,21,733,no,76
t@em.ie,55,22,739,no,77
t@em.ie,56,22,746,no,78
t@em.ie,57,22,753,no,79
t@em.ie,58,22,765,no,80
t@em.ie,59,22,772,no,81
t@em.ie,60,22,782,no,82
t@em.ie,60,23,791,no,83
t@em.ie,61,23,798,no,84
t@em.ie,62,23,810,no,85
t@em.ie,63,23,818,no,86
t@em.ie,64,23,831,no,87
t@em.ie,65,23,841,no,88
t@em.ie,66,23,847,no,89
t@em.ie,67,23,859,no,90
t@em.ie,68,23,865,no,91
t@em.ie,68,24,875,no,92
t@em.ie,68,25,888,no,93
t@em.ie,68,26,895,no,94
t@em.ie,69,26,901,no,95
t@em.ie,70,26,913,no,96
t@em.ie,71,26,924,no,97
t@em.ie,72,26,938,no,98
t@em.ie,73,26,954,no,99
t@em.ie,74,26,962,no,100
t@em.ie,75,26,971,no,101
t@em.ie,76,26,976,no,102
t@em.ie,77,26,982,no,103
t@em.ie,78,26,990,no,104
t@em.ie,79,26,996,no,105
t@em.ie,79,27,1005,no,106
t@em.ie,80,27,1013,no,107
t@em.ie,81,27,1025,no,108
t@em.ie,81,28,1034,no,109
t@em.ie,81,29,1045,no,110
t@em.ie,82,29,1056,no,111
t@em.ie,83,29,1067,no,112
t@em.ie,84,29,1073,no,113
t@em.ie,85,29,1082,no,114
t@em.ie,86,29,1090,no,115
t@em.ie,86,30,1102,no,116
t@em.ie,87,30,1111,no,117
t@em.ie,88,30,1122,no,118
t@em.ie,88,31,1133,no,119
t@em.ie,89,31,1143,no,120
t@em.ie,90,31,1153,no,121
t@em.ie,90,32,1163,no,122
t@em.ie,91,32,1173,no,123
t@em.ie,92,32,1180,no,124
t@em.ie,93,32,1187,no,125
t@em.ie,94,32,1192,no,126
t@em.ie,95,32,1202,no,127
t@em.ie,95,33,1211,no,128
t@em.ie,96,33,1225,no,129
t@em.ie,97,33,1238,no,130
t@em.ie,97,34,1250,no,131
t@em.ie,98,34,1261,no,132
t@em.ie,99,34,1270,no,133
t@em.ie,100,34,1276,no,134
t@em.ie,101,34,1287,no,135
t@em.ie,101,35,1295,no,136
t@em.ie,102,35,1303,no,137
t@em.ie,102,36,1308,no,138
t@em.ie,103,36,1319,no,139
t@em.ie,104,36,1332,no,140
t@em.ie,105,36,1339,no,141
t@em.ie,106,36,1345,no,142
t@em.ie,107,36,1360,no,143
t@em.ie,108,36,1365,no,144
t@em.ie,109,36,1371,no,145
t@em.ie,110,36,1377,no,146
t@em.ie,111,36,1381,no,147
t@em.ie,112,36,1392,no,148
t@em.ie,113,36,1399,no,149
t@em.ie,114,36,1406,no,150
t@em.ie,115,36,1412,no,151
t@em.ie,115,37,1417,no,152
t@em.ie,116,37,1429,no,153
t@em.ie,117,37,1436,no,154
t@em.ie,118,37,1442,no,155
t@em.ie,118,38,1448,no,156
t@em.ie,119,38,1459,no,157
t@em.ie,119,39,1472,no,158
t@em.ie,119,40,1484,no,159
t@em.ie,120,40,1494,no,160
t@em.ie,121,40,1502,no,161
t@em.ie,122,40,1509,no,162
t@em.ie,123,40,1518,no,163
t@em.ie,124,40,1530,no,164
t@em.ie,125,40,1536,no,165
t@em.ie,126,40,1551,no,166
t@em.ie,126,41,1560,no,167
t@em.ie,127,41,1568,no,168
t@em.ie,128,41,1583,no,169
t@em.ie,128,42,1596,no,170
t@em.ie,129,42,1608,no,171
t@em.ie,129,43,1620,no,172
t@em.ie,130,43,1624,no,173
t@em.ie,130,44,1635,no,174
t@em.ie,130,45,1645,no,175
t@em.ie,131,45,1663,no,176
t@em.ie,132,45,1671,no,177
t@em.ie,133,45,1677,no,178
t@em.ie,133,46,1690,no,179
t@em.ie,134,46,1701,no,180
t@em.ie,135,46,1706,no,181
t@em.ie,135,47,1716,no,182
t@em.ie,135,48,1724,no,183
t@em.ie,135,49,1731,no,184
t@em.ie,136,49,1744,no,185
t@em.ie,137,49,1750,no,186
t@em.ie,138,49,1758,no,187
t@em.ie,139,49,1767,no,188
t@em.ie,140,49,1776,no,189
t@em.ie,141,49,1783,no,190
t@em.ie,142,49,1790,no,191
t@em.ie,143,49,1801,no,192
t@em.ie,143,50,1813,no,193
t@em.ie,144,50,1819,no,194
t@em.ie,145,50,1825,no,195
t@em.ie,146,50,1834,no,196
t@em.ie,147,50,1840,no,197
t@em.ie,148,50,1849,no,198
t@em.ie,149,50,1855,no,199
t@em.ie,150,50,1865,no,200
t@em.ie,151,50,1873,no,201
t@em.ie,152,50,1879,no,202
t@em.ie,153,50,1886,no,203
t@em.ie,154,50,1894,no,204
t@em.ie,154,51,1907,no,205
t@em.ie,154,52,1916,no,206
t@em.ie,155,52,1928,no,207
t@em.ie,156,52,1936,no,208
t@em.ie,157,52,1941,no,209
t@em.ie,157,53,1946,no,210
t@em.ie,157,54,1955,no,211
t@em.ie,158,54,1961,no,212
t@em.ie,158,55,1966,no,213
t@em.ie,159,55,1974,no,214
t@em.ie,160,55,1983,no,215
t@em.ie,161,55,2003,no,216
t@em.ie,161,56,2011,no,217
t@em.ie,161,57,2019,no,218
t@em.ie,162,57,2029,no,219
t@em.ie,163,57,2039,no,220
t@em.ie,164,57,2051,no,221
t@em.ie,165,57,2066,no,222
t@em.ie,166,57,2077,no,223
t@em.ie,167,57,2086,no,224
t@em.ie,168,57,2099,no,225
t@em.ie,168,58,2104,no,226
t@em.ie,169,58,2111,no,227
t@em.ie,169,59,2125,no,228
t@em.ie,170,59,2131,no,229
t@em.ie,170,60,2141,no,230
t@em.ie,170,61,2148,no,231
t@em.ie,170,62,2157,no,232
t@em.ie,171,62,2166,no,233
t@em.ie,171,63,2180,no,234
t@em.ie,171,64,2192,no,235
t@em.ie,172,64,2199,no,236
t@em.ie,172,65,2206,no,237
t@em.ie,173,65,2214,no,238
t@em.ie,174,65,2227,no,239
t@em.ie,175,65,2238,no,240
t@em.ie,176,65,2248,no,241
t@em.ie,176,66,2261,no,242
t@em.ie,177,66,2267,no,243
t@em.ie,177,67,2275,no,244
t@em.ie,178,67,2287,no,245
t@em.ie,179,67,2296,no,246
t@em.ie,180,67,2307,no,247
t@em.ie,180,68,2313,no,248
t@em.ie,181,68,2318,no,249
t@em.ie,181,69,2326,no,250
t@em.ie,181,70,2338,no,251
t@em.ie,182,70,2344,no,252
t@em.ie,183,70,2350,no,253
t@em.ie,184,70,2358,no,254
t@em.ie,185,70,2366,no,255
t@em.ie,185,71,2377,no,256
t@em.ie,186,71,2382,no,257
t@em.ie,186,72,2389,no,258
t@em.ie,187,72,2396,no,259
t@em.ie,188,72,2405,no,260
t@em.ie,189,72,2418,no,261
t@em.ie,190,72,2431,no,262
t@em.ie,191,72,2440,no,263
t@em.ie,192,72,2459,no,264
t@em.ie,193,72,2473,no,265
t@em.ie,193,73,2486,no,266
t@em.ie,194,73,2490,no,267
t@em.ie,195,73,2497,no,268
t@em.ie,196,73,2507,no,269
t@em.ie,197,73,2518,no,270
t@em.ie,198,73,2530,no,271
t@em.ie,199,73,2541,no,272
t@em.ie,200,73,2553,no,273
t@em.ie,201,73,2559,no,274
t@em.ie,202,73,2567,no,275
t@em.ie,203,73,2577,no,276
t@em.ie,204,73,2582,no,277
t@em.ie,205,73,2589,no,278
t@em.ie,206,73,2595,no,279
t@em.ie,207,73,2605,no,280
t@em.ie,208,73,2618,no,281
t@em.ie,209,73,2625,no,282
t@em.ie,210,73,2640,no,283
t@em.ie,210,74,2650,no,284
t@em.ie,211,74,2660,no,285
t@em.ie,212,74,2664,no,286
t@em.ie,213,74,2676,no,287
t@em.ie,214,74,2686,no,288
t@em.ie,215,74,2696,no,289
t@em.ie,216,74,2704,no,290
t@em.ie,217,74,2715,no,291
t@em.ie,217,75,2724,no,292
t@em.ie,218,75,2732,no,293
t@em.ie,219,75,2737,no,294
t@em.ie,220,75,2743,no,295
t@em.ie,221,75,2752,no,296
t@em.ie,222,75,2763,no,297
t@em.ie,222,76,2780,no,298
t@em.ie,222,77,2789,no,299
t@em.ie,223,77,2799,no,300
t@em.ie,224,77,2811,no,301
t@em.ie,224,78,2817,no,302
t@em.ie,225,78,2822,no,303
t@em.ie,226,78,2829,no,304
t@em.ie,227,78,2837,no,305
t@em.ie,228,78,2850,no,306
t@em.ie,229,78,2855,no,307
t@em.ie,230,78,2865,no,308
t@em.ie,231,78,2870,no,309
t@em.ie,232,78,2880,no,310
t@em.ie,233,78,2893,no,311
t@em.ie,234,78,2900,no,312
t@em.ie,234,79,2911,no,313
t@em.ie,235,79,2921,no,314
t@em.ie,235,80,2931,no,315
t@em.ie,236,80,2940,no,316
t@em.ie,237,80,2947,no,317
t@em.ie,238,80,2954,no,318
t@em.ie,239,80,2965,no,319
t@em.ie,240,80,2976,no,320
t@em.ie,240,81,2985,no,321
t@em.ie,240,82,3002,no,322
t@em.ie,241,82,3014,no,323
t@em.ie,242,82,3023,no,324
t@em.ie,243,82,3032,no,325
t@em.ie,243,83,3040,no,326
t@em.ie,244,83,3048,no,327
t@em.ie,245,83,3053,no,328
t@em.ie,245,84,3060,no,329
t@em.ie,245,85,3065,no,330
t@em.ie,246,85,3071,no,331
t@em.ie,246,86,3086,no,332
t@em.ie,247,86,3098,no,333
t@em.ie,248,86,3113,no,334
t@em.ie,249,86,3122,no,335
t@em.ie,250,86,3128,no,336
t@em.ie,250,87,3137,no,337
t@em.ie,251,87,3142,no,338
t@em.ie,251,88,3147,no,339
t@em.ie,252,88,3160,no,340
t@em.ie,253,88,3167,no,341
t@em.ie,254,88,3171,no,342
t@em.ie,254,89,3179,no,343
t@em.ie,254,90,3191,no,344
t@em.ie,255,90,3201,no,345
t@em.ie,256,90,3207,no,346
t@em.ie,256,91,3217,no,347
t@em.ie,257,91,3223,no,348
t@em.ie,258,91,3229,no,349
t@em.ie,259,91,3239,no,350
t@em.ie,260,91,3249,no,351
t@em.ie,260,92,3256,no,352
t@em.ie,261,92,3264,no,353
t@em.ie,262,92,3273,no,354
t@em.ie,263,92,3282,no,355
t@em.ie,264,92,3289,no,356
t@em.ie,265,92,3294,no,357
t@em.ie,266,92,3302,no,358
t@em.ie,266,93,3315,no,359
t@em.ie,267,93,3324,no,360
t@em.ie,267,94,3330,no,361
t@em.ie,268,94,3342,no,362
t@em.ie,269,94,3353,no,363
t@em.ie,270,94,3367,no,364
t@em.ie,271,94,3374,no,365
t@em.ie,272,94,3383,no,366
t@em.ie,273,94,3392,no,367
t@em.ie,274,94,3397,no,368
t@em.ie,275,94,3403,no,369
t@em.ie,275,95,3409,no,370
t@em.ie,276,95,3417,no,371
t@em.ie,277,95,3426,no,372
t@em.ie,277,96,3431,no,373
t@em.ie,278,96,3437,no,374
t@em.ie,278,97,3446,no,375
t@em.ie,279,97,3455,no,376
t@em.ie,280,97,3466,no,377
t@em.ie,280,98,3476,no,378
t@em.ie,281,98,3486,no,379
t@em.ie,282,98,3494,no,380
t@em.ie,283,98,3502,no,381
t@em.ie,284,98,3514,no,382
t@em.ie,285,98,3521,no,383
t@em.ie,286,98,3529,no,384
t@em.ie,287,98,3534,no,385
t@em.ie,288,98,3545,no,386
t@em.ie,289,98,3551,no,387
t@em.ie,290,98,3561,no,388
t@em.ie,291,98,3569,no,389
t@em.ie,291,99,3579,no,390
t@em.ie,292,99,3585,no,391
t@em.ie,293,99,3591,no,392
t@em.ie,294,99,3598,no,393
t@em.ie,295,99,3605,no,394
t@em.ie,295,100,3619,no,395
t@em.ie,296,100,3628,no,396
t@em.ie,296,101,3639,no,397
t@em.ie,297,101,3645,no,398
t@em.ie,298,101,3652,no,399
t@em.ie,298,102,3665,no,400
t@em.ie,299,102,3669,no,401
t@em.ie,300,102,3678,no,402
t@em.ie,300,103,3690,no,403
t@em.ie,300,104,3699,no,404
t@em.ie,300,105,3706,no,405
t@em.ie,301,105,3714,no,406
t@em.ie,302,105,3719,no,407
t@em.ie,303,105,3727,no,408
t@em.ie,304,105,3741,no,409
t@em.ie,305,105,3750,no,410
t@em.ie,306,105,3759,no,411
t@em.ie,307,105,3769,no,412
t@em.ie,308,105,3777,no,413
t@em.ie,309,105,3788,no,414
t@em.ie,310,105,3797,no,415
t@em.ie,311,105,3804,no,416
t@em.ie,311,106,3814,no,417
t@em.ie,312,106,3819,no,418
t@em.ie,313,106,3827,no,419
t@em.ie,314,106,3834,no,420
t@em.ie,315,106,3840,no,421
t@em.ie,315,107,3847,no,422
t@em.ie,316,107,3854,no,423
t@em.ie,317,107,3862,no,424
t@em.ie,318,107,3870,no,425
t@em.ie,318,108,3877,no,426
t@em.ie,318,109,3891,no,427
t@em.ie,319,109,3904,no,428
t@em.ie,319,110,3915,no,429
t@em.ie,320,110,3924,no,430
t@em.ie,321,110,3930,no,431
t@em.ie,321,111,3942,no,432
t@em.ie,322,111,3952,no,433
t@em.ie,323,111,3959,no,434
t@em.ie,324,111,3969,no,435
t@em.ie,325,111,3979,no,436
t@em.ie,326,111,3989,no,437
t@em.ie,327,111,3996,no,438
t@em.ie,328,111,4006,no,439
t@em.ie,329,111,4012,no,440
t@em.ie,330,111,4022,no,441
t@em.ie,330,112,4034,no,442
t@em.ie,330,113,4039,no,443
t@em.ie,331,113,4049,no,444
t@em.ie,332,113,4061,no,445
t@em.ie,333,113,4073,no,446
t@em.ie,334,113,4077,no,447
t@em.ie,335,113,4084,no,448
t@em.ie,335,114,4094,no,449
t@em.ie,336,114,4111,no,450
t@em.ie,337,114,4115,no,451
t@em.ie,338,114,4126,no,452
t@em.ie,339,114,4137,no,453
t@em.ie,340,114,4147,no,454
t@em.ie,341,114,4154,no,455
t@em.ie,342,114,4164,no,456
t@em.ie,343,114,4174,no,457
t@em.ie,344,114,4184,no,458
t@em.ie,345,114,4191,no,459
t@em.ie,346,114,4199,no,460
t@em.ie,347,114,4211,no,461
t@em.ie,348,114,4217,no,462
t@em.ie,349,114,4223,no,463
t@em.ie,350,114,4233,no,464
t@em.ie,350,115,4245,no,465
t@em.ie,351,115,4254,no,466
t@em.ie,352,115,4262,no,467
t@em.ie,352,116,4276,no,468
t@em.ie,353,116,4281,no,469
t@em.ie,354,116,4287,no,470
t@em.ie,355,116,4295,no,471
t@em.ie,355,117,4307,no,472
t@em.ie,356,117,4321,no,473
t@em.ie,357,117,4335,no,474
t@em.ie,357,118,4343,no,475
t@em.ie,358,118,4350,no,476
t@em.ie,359,118,4358,no,477
t@em.ie,359,119,4369,no,478
t@em.ie,360,119,4375,no,479
t@em.ie,361,119,4383,no,480
t@em.ie,362,119,4389,no,481
t@em.ie,363,119,4398,no,482
t@em.ie,363,120,4406,no,483
t@em.ie,364,120,4411,no,484
t@em.ie,365,120,4419,no,485
t@em.ie,365,121,4428,no,486
t@em.ie,366,121,4436,no,487
t@em.ie,366,122,4448,no,488
t@em.ie,367,122,4454,no,489
t@em.ie,367,123,4467,no,490
t@em.ie,368,123,4476,no,491
t@em.ie,368,124,4486,no,492
t@em.ie,369,124,4498,no,493
t@em.ie,370,124,4505,no,494
t@em.ie,371,124,4514,no,495
t@em.ie,372,124,4519,no,496
t@em.ie,372,125,4530,no,497
t@em.ie,373,125,4537,no,498
t@em.ie,374,125,4546,no,499
t@em.ie,375,125,4552,no,500
t@em.ie,376,125,4563,no,501
t@em.ie,377,125,4572,no,502
t@em.ie,378,125,4581,no,503
t@em.ie,378,126,4594,no,504
t@em.ie,378,127,4601,no,505
t@em.ie,379,127,4606,no,506
t@em.ie,380,127,4614,no,507
t@em.ie,381,127,4623,no,508
t@em.ie,382,127,4630,no,509
t@em.ie,383,127,4636,no,510
t@em.ie,383,128,4646,no,511
t@em.ie,384,128,4654,no,512
t@em.ie,385,128,4665,no,513
t@em.ie,386,128,4675,no,514
t@em.ie,387,128,4684,no,515
t@em.ie,388,128,4695,no,516
t@em.ie,389,128,4701,no,517
t@em.ie,390,128,4711,no,518
t@em.ie,391,128,4728,no,519
t@em.ie,392,128,4739,no,520
t@em.ie,392,129,4751,no,521
t@em.ie,393,129,4759,no,522
t@em.ie,394,129,4763,no,523
t@em.ie,395,129,4772,no,524
t@em.ie,396,129,4778,no,525
t@em.ie,397,129,4790,no,526
t@em.ie,398,129,4806,no,527
t@em.ie,399,129,4813,no,528
t@em.ie,400,129,4818,no,529
t@em.ie,400,130,4834,no,530
t@em.ie,400,131,4849,no,531
t@em.ie,400,132,4858,no,532
t@em.ie,401,132,4870,no,533
t@em.ie,401,133,4877,no,534
t@em.ie,402,133,4885,no,535
t@em.ie,402,134,4893,no,536
t@em.ie,403,134,4906,no,537
t@em.ie,404,134,4914,no,538
t@em.ie,404,135,4927,no,539
t@em.ie,405,135,4935,no,540
t@em.ie,405,136,4945,no,541
t@em.ie,406,136,4951,no,542
t@em.ie,407,136,4959,no,543
t@em.ie,408,136,4965,no,544
t@em.ie,408,137,4976,no,545
t@em.ie,409,137,4984,no,546
t@em.ie,410,137,5002,no,547
t@em.ie,411,137,5009,no,548
t@em.ie,411,138,5022,no,549
t@em.ie,412,138,5028,no,550
t@em.ie,413,138,5036,no,551
t@em.ie,414,138,5050,no,552
t@em.ie,415,138,5058,no,553
t@em.ie,415,139,5062,no,554
t@em.ie,416,139,5069,no,555
t@em.ie,416,140,5076,no,556
t@em.ie,417,140,5084,no,557
t@em.ie,417,141,5092,no,558
t@em.ie,418,141,5109,no,559
t@em.ie,419,141,5116,no,560
t@em.ie,420,141,5133,no,561
t@em.ie,421,141,5142,no,562
t@em.ie,421,142,5150,no,563
t@em.ie,422,142,5158,no,564
t@em.ie,423,142,5164,no,565
t@em.ie,424,142,5172,no,566
t@em.ie,425,142,5180,no,567
t@em.ie,426,142,5187,no,568
t@em.ie,427,142,5197,no,569
t@em.ie,427,143,5209,no,570
t@em.ie,428,143,5220,no,571
t@em.ie,429,143,5231,no,572
t@em.ie,430,143,5242,no,573
t@em.ie,431,143,5254,no,574
t@em.ie,432,143,5264,no,575
t@em.ie,433,143,5272,no,576
t@em.ie,434,143,5282,no,577
t@em.ie,435,143,5291,no,578
t@em.ie,436,143,5295,no,579
t@em.ie,437,143,5300,no,580
t@em.ie,438,143,5309,no,581
t@em.ie,439,143,5316,no,582
t@em.ie,440,143,5327,no,583
t@em.ie,441,143,5333,no,584
t@em.ie,442,143,5346,no,585
t@em.ie,443,143,5352,no,586
t@em.ie,444,143,5359,no,587
t@em.ie,445,143,5369,no,588
t@em.ie,445,144,5380,no,589
t@em.ie,446,144,5390,no,590
t@em.ie,446,145,5396,no,591
t@em.ie,447,145,5402,no,592
t@em.ie,447,146,5415,no,593
t@em.ie,448,146,5424,no,594
t@em.ie,449,146,5432,no,595
t@em.ie,450,146,5440,no,596
t@em.ie,451,146,5447,no,597
t@em.ie,452,146,5456,no,598
t@em.ie,453,146,5463,no,599
t@em.ie,454,146,5475,no,600
t@em.ie,455,146,5479,no,601
t@em.ie,455,147,5492,no,602
t@em.ie,455,148,5503,no,603
t@em.ie,455,149,5510,no,604
t@em.ie,455,150,5521,no,605
t@em.ie,456,150,5527,no,606
t@em.ie,456,151,5535,no,607
t@em.ie,456,152,5543,no,608
t@em.ie,456,153,5554,no,609
t@em.ie,457,153,5560,no,610
t@em.ie,458,153,5567,no,611
t@em.ie,459,153,5575,no,612
t@em.ie,460,153,5586,no,613
t@em.ie,461,153,5590,no,614
t@em.ie,461,154,5597,no,615
t@em.ie,461,155,5605,no,616
t@em.ie,462,155,5610,no,617
t@em.ie,463,155,5615,no,618
t@em.ie,464,155,5621,no,619
t@em.ie,465,155,5629,no,620
t@em.ie,466,155,5637,no,621
t@em.ie,467,155,5643,no,622
t@em.ie,467,156,5656,no,623
t@em.ie,468,156,5667,no,624
t@em.ie,469,156,5672,no,625
t@em.ie,470,156,5680,no,626
t@em.ie,471,156,5688,no,627
t@em.ie,472,156,5704,no,628
t@em.ie,473,156,5710,no,629
t@em.ie,474,156,5716,no,630
t@em.ie,475,156,5720,no,631
t@em.ie,476,156,5731,no,632
t@em.ie,476,157,5742,no,633
t@em.ie,477,157,5747,no,634
t@em.ie,478,157,5753,no,635
t@em.ie,479,157,5762,no,636
t@em.ie,479,158,5768,no,637
t@em.ie,479,159,5781,no,638
t@em.ie,480,159,5794,no,639
t@em.ie,481,159,5803,no,640
t@em.ie,482,159,5814,no,641
t@em.ie,483,159,5822,no,642
t@em.ie,483,160,5828,no,643
t@em.ie,483,161,5840,no,644
t@em.ie,484,161,5850,no,645
t@em.ie,485,161,5864,no,646
t@em.ie,486,161,5872,no,647
t@em.ie,486,162,5882,no,648
t@em.ie,486,163,5890,no,649
t@em.ie,486,164,5898,no,650
t@em.ie,486,165,5905,no,651
t@em.ie,487,165,5911,no,652
t@em.ie,487,166,5923,no,653
t@em.ie,487,167,5934,no,654
t@em.ie,488,167,5945,no,655
t@em.ie,489,167,5953,no,656
t@em.ie,490,167,5962,no,657
t@em.ie,491,167,5969,no,658
t@em.ie,492,167,5975,no,659
t@em.ie,492,168,5985,no,660
t@em.ie,493,168,5990,no,661
t@em.ie,493,169,6000,no,662
t@em.ie,494,169,6006,no,663
t@em.ie,495,169,6013,no,664
t@em.ie,496,169,6021,no,665
t@em.ie,497,169,6027,no,666
t@em.ie,497,170,6038,no,667
t@em.ie,498,170,6046,no,668
t@em.ie,499,170,6050,no,669
t@em.ie,500,170,6058,no,670
t@em.ie,501,170,6067,no,671
t@em.ie,502,170,6080,no,672
t@em.ie,503,170,6085,no,673
t@em.ie,504,170,6094,no,674
t@em.ie,505,170,6106,no,675
t@em.ie,505,171,6117,no,676
t@em.ie,506,171,6124,no,677
t@em.ie,507,171,6129,no,678
t@em.ie,507,172,6137,no,679
t@em.ie,507,173,6149,no,680
t@em.ie,508,173,6168,no,681
t@em.ie,509,173,6175,no,682
t@em.ie,510,173,6185,no,683
t@em.ie,511,173,6193,no,684
t@em.ie,511,174,6200,no,685
t@em.ie,512,174,6209,no,686
t@em.ie,512,175,6215,no,687
t@em.ie,513,175,6223,no,688
t@em.ie,513,176,6231,no,689
t@em.ie,514,176,6237,no,690
t@em.ie,515,176,6248,no,691
t@em.ie,516,176,6257,no,692
t@em.ie,517,176,6269,no,693
t@em.ie,518,176,6277,no,694
t@em.ie,519,176,6288,no,695
t@em.ie,519,177,6294,no,696
t@em.ie,519,178,6305,no,697
t@em.ie,520,178,6316,no,698
t@em.ie,521,178,6323,no,699
t@em.ie,522,178,6331,no,700
t@em.ie,523,178,6339,no,701
t@em.ie,523,179,6352,no,702
t@em.ie,524,179,6365,no,703
t@em.ie,525,179,6371,no,704
t@em.ie,526,179,6378,no,705
t@em.ie,527,179,6389,no,706
t@em.ie,528,179,6393,no,707
t@em.ie,529,179,6398,no,708
t@em.ie,530,179,6407,no,709
t@em.ie,531,179,6416,no,710
t@em.ie,532,179,6426,no,711
t@em.ie,533,179,6433,no,712
t@em.ie,534,179,6446,no,713
t@em.ie,534,180,6462,no,714
t@em.ie,534,181,6474,no,715
t@em.ie,535,181,6484,no,716
t@em.ie,535,182,6491,no,717
t@em.ie,536,182,6496,no,718
t@em.ie,537,182,6503,no,719
t@em.ie,538,182,6511,no,720
t@em.ie,538,183,6521,no,721
t@em.ie,539,183,6527,no,722
t@em.ie,540,183,6536,no,723
t@em.ie,540,184,6547,no,724
t@em.ie,540,185,6558,no,725
t@em.ie,541,185,6566,no,726
t@em.ie,541,186,6577,no,727
t@em.ie,542,186,6587,no,728
t@em.ie,543,186,6596,no,729
t@em.ie,544,186,6603,no,730
t@em.ie,545,186,6610,no,731
t@em.ie,546,186,6624,no,732
t@em.ie,547,186,6633,no,733
t@em.ie,548,186,6641,no,734
t@em.ie,549,186,6653,no,735
t@em.ie,550,186,6661,no,736
t@em.ie,551,186,6675,no,737
t@em.ie,552,186,6686,no,738
t@em.ie,553,186,6696,no,739
t@em.ie,554,186,6710,no,740
t@em.ie,554,187,6724,no,741
t@em.ie,554,188,6737,no,742
t@em.ie,554,189,6746,no,743
t@em.ie,554,190,6756,no,744
t@em.ie,555,190,6767,no,745
t@em.ie,556,190,6772,no,746
t@em.ie,557,190,6782,no,747
t@em.ie,557,191,6788,no,748
t@em.ie,557,192,6799,no,749
t@em.ie,558,192,6812,no,750
t@em.ie,559,192,6823,no,751
t@em.ie,559,193,6834,no,752
t@em.ie,560,193,6843,no,753
t@em.ie,560,194,6853,no,754
t@em.ie,561,194,6863,no,755
t@em.ie,561,195,6871,no,756
t@em.ie,562,195,6879,no,757
t@em.ie,562,196,6892,no,758
t@em.ie,563,196,6901,no,759
t@em.ie,564,196,6907,no,760
t@em.ie,565,196,6915,no,761
t@em.ie,566,196,6926,no,762
t@em.ie,567,196,6931,no,763
t@em.ie,568,196,6935,no,764
t@em.ie,569,196,6940,no,765
t@em.ie,570,196,6947,no,766
t@em.ie,570,197,6955,no,767
t@em.ie,571,197,6965,no,768
t@em.ie,572,197,6972,no,769
t@em.ie,573,197,6982,no,770
t@em.ie,574,197,6990,no,771
t@em.ie,574,198,7003,no,772
t@em.ie,575,198,7012,no,773
t@em.ie,575,199,7027,no,774
t@em.ie,576,199,7038,no,775
t@em.ie,577,199,7049,no,776
t@em.ie,577,200,7054,no,777
t@em.ie,578,200,7066,no,778
t@em.ie,579,200,7073,no,779
t@em.ie,580,200,7079,no,780
t@em.ie,581,200,7089,no,781
t@em.ie,582,200,7100,no,782
t@em.ie,583,200,7107,no,783
t@em.ie,584,200,7114,no,784
t@em.ie,584,201,7126,no,785
t@em.ie,585,201,7135,no,786
t@em.ie,586,201,7142,no,787
t@em.ie,586,202,7148,no,788
t@em.ie,586,203,7157,no,789
t@em.ie,587,203,7166,no,790
t@em.ie,588,203,7176,no,791
t@em.ie,588,204,7184,no,792
t@em.ie,589,204,7193,no,793
t@em.ie,590,204,7203,no,794
t@em.ie,590,205,7211,no,795
t@em.ie,591,205,7221,no,796
t@em.ie,592,205,7227,no,797
t@em.ie,593,205,7233,no,798
t@em.ie,594,205,7241,no,799
t@em.ie,595,205,7250,no,800
t@em.ie,596,205,7260,no,801
t@em.ie,597,205,7268,no,802
t@em.ie,598,205,7276,no,803
t@em.ie,599,205,7286,no,804
t@em.ie,600,205,7296,no,805
t@em.ie,600,206,7305,no,806
t@em.ie,600,207,7317,no,807
t@em.ie,601,207,7324,no,808
t@em.ie,601,208,7331,no,809
t@em.ie,602,208,7339,no,810
t@em.ie,603,208,7354,no,811
t@em.ie,604,208,7362,no,812
t@em.ie,605,208,7369,no,813
t@em.ie,606,208,7376,no,814
t@em.ie,607,208,7381,no,815
t@em.ie,608,208,7389,no,816
t@em.ie,609,208,7401,no,817
t@em.ie,610,208,7412,no,818
t@em.ie,611,208,7425,no,819
t@em.ie,612,208,7430,no,820
t@em.ie,613,208,7437,no,821
t@em.ie,614,208,7448,no,822
t@em.ie,615,208,7458,no,823
t@em.ie,616,208,7466,no,824
t@em.ie,617,208,7474,no,825
t@em.ie,618,208,7485,no,826
t@em.ie,619,208,7492,no,827
t@em.ie,620,208,7501,no,828
t@em.ie,621,208,7512,no,829
t@em.ie,622,208,7521,no,830
t@em.ie,623,208,7529,no,831
t@em.ie,624,208,7537,no,832
t@em.ie,625,208,7547,no,833
t@em.ie,626,208,7556,no,834
t@em.ie,626,209,7566,no,835
t@em.ie,627,209,7578,no,836
t@em.ie,627,210,7594,no,837
t@em.ie,628,210,7602,no,838
t@em.ie,629,210,7612,no,839
t@em.ie,630,210,7621,no,840
t@em.ie,631,210,7628,no,841
t@em.ie,632,210,7639,no,842
t@em.ie,632,211,7645,no,843
t@em.ie,632,212,7653,no,844
t@em.ie,633,212,7661,no,845
t@em.ie,634,212,7671,no,846
t@em.ie,635,212,7678,no,847
t@em.ie,636,212,7683,no,848
t@em.ie,637,212,7692,no,849
t@em.ie,638,212,7701,no,850
t@em.ie,639,212,7710,no,851
t@em.ie,640,212,7719,no,852
t@em.ie,641,212,7735,no,853
t@em.ie,642,212,7741,no,854
t@em.ie,643,212,7750,no,855
t@em.ie,644,212,7760,no,856
t@em.ie,645,212,7774,no,857
t@em.ie,646,212,7785,no,858
t@em.ie,647,212,7794,no,859
t@em.ie,647,213,7805,no,860
t@em.ie,648,213,7810,no,861
t@em.ie,648,214,7822,no,862
t@em.ie,648,215,7829,no,863
t@em.ie,649,215,7836,no,864
t@em.ie,650,215,7843,no,865
t@em.ie,651,215,7854,no,866
t@em.ie,652,215,7859,no,867
t@em.ie,653,215,7871,no,868
t@em.ie,654,215,7884,no,869
t@em.ie,654,216,7889,no,870
t@em.ie,654,217,7897,no,871
t@em.ie,655,217,7905,no,872
t@em.ie,655,218,7914,no,873
t@em.ie,655,219,7923,no,874
t@em.ie,655,220,7931,no,875
t@em.ie,656,220,7939,no,876
t@em.ie,656,221,7955,no,877
t@em.ie,656,222,7966,no,878
t@em.ie,657,222,7972,no,879
t@em.ie,658,222,7981,no,880
t@em.ie,658,223,7994,no,881
t@em.ie,659,223,8004,no,882
t@em.ie,659,224,8014,no,883
t@em.ie,660,224,8023,no,884
t@em.ie,661,224,8029,no,885
t@em.ie,662,224,8035,no,886
t@em.ie,663,224,8041,no,887
t@em.ie,664,224,8057,no,888
t@em.ie,665,224,8066,no,889
t@em.ie,666,224,8077,no,890
t@em.ie,667,224,8086,no,891
t@em.ie,667,225,8096,no,892
t@em.ie,668,225,8103,no,893
t@em.ie,669,225,8112,no,894
t@em.ie,670,225,8118,no,895
t@em.ie,670,226,8123,no,896
t@em.ie,671,226,8129,no,897
t@em.ie,672,226,8137,no,898
t@em.ie,673,226,8147,no,899
t@em.ie,674,226,8152,no,900
t@em.ie,674,227,8162,no,901
t@em.ie,674,228,8171,no,902
t@em.ie,675,228,8177,no,903
t@em.ie,676,228,8188,no,904
t@em.ie,677,228,8197,no,905
t@em.ie,678,228,8207,no,906
t@em.ie,678,229,8213,no,907
t@em.ie,679,229,8224,no,908
t@em.ie,680,229,8236,no,909
t@em.ie,680,230,8247,no,910
t@em.ie,681,230,8254,no,911
t@em.ie,682,230,8264,no,912
t@em.ie,683,230,8270,no,913
t@em.ie,684,230,8280,no,914
t@em.ie,684,231,8284,no,915
t@em.ie,685,231,8293,no,916
t@em.ie,685,232,8306,no,917
t@em.ie,686,232,8325,no,918
t@em.ie,687,232,8330,no,919
t@em.ie,687,233,8344,no,920
t@em.ie,688,233,8360,no,921
t@em.ie,689,233,8366,no,922
t@em.ie,690,233,8371,no,923
t@em.ie,691,233,8378,no,924
t@em.ie,692,233,8382,no,925
t@em.ie,692,234,8391,no,926
t@em.ie,692,235,8400,no,927
t@em.ie,693,235,8407,no,928
t@em.ie,694,235,8415,no,929
t@em.ie,695,235,8419,no,930
t@em.ie,696,235,8427,no,931
t@em.ie,697,235,8433,no,932
t@em.ie,697,236,8444,no,933
t@em.ie,698,236,8452,no,934
t@em.ie,699,236,8458,no,935
t@em.ie,700,236,8464,no,936
t@em.ie,701,236,8475,no,937
t@em.ie,702,236,8481,no,938
t@em.ie,703,236,8486,no,939
t@em.ie,704,236,8492,no,940
t@em.ie,705,236,8498,no,941
t@em.ie,706,236,8511,no,942
t@em.ie,707,236,8517,no,943
t@em.ie,707,237,8529,no,944
t@em.ie,708,237,8535,no,945
t@em.ie,708,238,8545,no,946
t@em.ie,709,238,8551,no,947
t@em.ie,710,238,8559,no,948
t@em.ie,711,238,8566,no,949
t@em.ie,712,238,8570,no,950
t@em.ie,713,238,8576,no,951
t@em.ie,714,238,8587,no,952
t@em.ie,715,238,8592,no,953
t@em.ie,716,238,8603,no,954
t@em.ie,717,238,8613,no,955
t@em.ie,718,238,8625,no,956
t@em.ie,719,238,8633,no,957
t@em.ie,720,238,8641,no,958
t@em.ie,721,238,8650,no,959
t@em.ie,722,238,8658,no,960
t@em.ie,723,238,8666,no,961
t@em.ie,723,239,8676,no,962
t@em.ie,723,240,8682,no,963
t@em.ie,724,240,8694,no,964
t@em.ie,725,240,8703,no,965
t@em.ie,726,240,8719,no,966
t@em.ie,727,240,8726,no,967
t@em.ie,727,241,8735,no,968
t@em.ie,728,241,8743,no,969
t@em.ie,729,241,8751,no,970
t@em.ie,729,242,8760,no,971
t@em.ie,730,242,8771,no,972
t@em.ie,730,243,8780,no,973
t@em.ie,731,243,8787,no,974
t@em.ie,732,243,8796,no,975
t@em.ie,733,243,8805,no,976
t@em.ie,734,243,8814,no,977
t@em.ie,735,243,8826,no,978
t@em.ie,736,243,8834,no,979
t@em.ie,737,243,8841,no,980
t@em.ie,737,244,8850,no,981
t@em.ie,738,244,8858,no,982
t@em.ie,739,244,8870,no,983
t@em.ie,740,244,8878,no,984
t@em.ie,740,245,8888,no,985
t@em.ie,741,245,8897,no,986
t@em.ie,741,246,8907,no,987
t@em.ie,742,246,8919,no,988
t@em.ie,742,247,8932,no,989
t@em.ie,742,248,8947,no,990
t@em.ie,743,248,8954,no,991
t@em.ie,744,248,8959,no,992
t@em.ie,745,248,8967,no,993
t@em.ie,746,248,8980,no,994
t@em.ie,747,248,8986,no,995
t@em.ie,748,248,8996,no,996
t@em.ie,749,248,9001,no,997
t@em.ie,750,248,9005,no,998
t@em.ie,750,249,9015,no,999
t@em.ie,751,249,9023,no,1000
t@em.ie,1,0,8,no,1
t@em.ie,1,1,15,no,2
t@em.ie,2,1,21,no,3
t@em.ie,2,2,32,no,4
t@em.ie,3,2,42,no,5
t@em.ie,4,2,47,no,6
t@em.ie,5,2,52,no,7
t@em.ie,6,2,59,no,8
t@em.ie,7,2,73,no,9
t@em.ie,8,2,80,no,10
t@em.ie,9,2,90,no,11
t@em.ie,10,2,104,no,12
t@em.ie,11,2,113,no,13
t@em.ie,12,2,124,no,14
t@em.ie,13,2,128,no,15
t@em.ie,14,2,139,no,16
t@em.ie,15,2,149,no,17
t@em.ie,15,3,160,no,18
t@em.ie,16,3,171,no,19
t@em.ie,17,3,180,no,20
t@em.ie,17,4,191,no,21
t@em.ie,17,5,201,no,22
t@em.ie,18,5,209,no,23
t@em.ie,19,5,215,no,24
t@em.ie,19,6,221,no,25
t@em.ie,20,6,227,no,26
t@em.ie,20,7,241,no,27
t@em.ie,21,7,252,no,28
t@em.ie,22,7,264,no,29
t@em.ie,23,7,271,no,30
t@em.ie,24,7,276,no,31
t@em.ie,25,7,288,no,32
t@em.ie,26,7,295,no,33
t@em.ie,27,7,302,no,34
t@em.ie,28,7,310,no,35
t@em.ie,29,7,324,no,36
t@em.ie,30,7,335,no,37
t@em.ie,31,7,342,no,38
t@em.ie,32,7,354,no,39
t@em.ie,33,7,366,no,40
t@em.ie,34,7,376,no,41
t@em.ie,35,7,383,no,42
t@em.ie,36,7,393,no,43
t@em.ie,37,7,404,no,44
t@em.ie,38,7,414,no,45
t@em.ie,39,7,423,no,46
t@em.ie,39,8,430,no,47
t@em.ie,39,9,436,no,48
t@em.ie,40,9,444,no,49
t@em.ie,41,9,453,no,50
t@em.ie,42,9,466,no,51
t@em.ie,43,9,471,no,52
t@em.ie,44,9,477,no,53
t@em.ie,45,9,490,no,54
t@em.ie,46,9,500,no,55
t@em.ie,47,9,507,no,56
t@em.ie,48,9,514,no,57
t@em.ie,49,9,518,no,58
t@em.ie,49,10,529,no,59
t@em.ie,50,10,535,no,60
t@em.ie,51,10,545,no,61
t@em.ie,52,10,551,no,62
t@em.ie,52,11,561,no,63
t@em.ie,53,11,570,no,64
t@em.ie,53,12,581,no,65
t@em.ie,53,13,589,no,66
t@em.ie,54,13,597,no,67
t@em.ie,55,13,613,no,68
t@em.ie,56,13,622,no,69
t@em.ie,57,13,629,no,70
t@em.ie,58,13,639,no,71
t@em.ie,59,13,652,no,72
t@em.ie,60,13,662,no,73
t@em.ie,61,13,668,no,74
t@em.ie,61,14,676,no,75
t@em.ie,61,15,686,no,76
t@em.ie,62,15,697,no,77
t@em.ie,63,15,703,no,78
t@em.ie,64,15,714,no,79
t@em.ie,64,16,725,no,80
t@em.ie,64,17,733,no,81
t@em.ie,64,18,749,no,82
t@em.ie,65,18,758,no,83
t@em.ie,66,18,768,no,84
t@em.ie,67,18,776,no,85
t@em.ie,67,19,788,no,86
t@em.ie,68,19,793,no,87
t@em.ie,69,19,801,no,88
t@em.ie,70,19,808,no,89
t@em.ie,71,19,814,no,90
t@em.ie,72,19,821,no,91
t@em.ie,73,19,827,no,92
t@em.ie,74,19,838,no,93
t@em.ie,74,20,847,no,94
t@em.ie,75,20,853,no,95
t@em.ie,75,21,861,no,96
t@em.ie,76,21,870,no,97
t@em.ie,77,21,877,no,98
t@em.ie,78,21,892,no,99
t@em.ie,79,21,897,no,100
t@em.ie,79,22,911,no,101
t@em.ie,80,22,924,no,102
t@em.ie,81,22,932,no,103
t@em.ie,82,22,938,no,104
t@em.ie,83,22,949,no,105
t@em.ie,84,22,958,no,106
t@em.ie,85,22,967,no,107
t@em.ie,86,22,973,no,108
t@em.ie,87,22,984,no,109
t@em.ie,88,22,995,no,110
t@em.ie,89,22,1002,no,111
t@em.ie,90,22,1013,no,112
t@em.ie,90,23,1026,no,113
t@em.ie,91,23,1036,no,114
t@em.ie,92,23,1042,no,115
t@em.ie,93,23,1051,no,116
t@em.ie,94,23,1063,no,117
t@em.ie,95,23,1074,no,118
t@em.ie,96,23,1084,no,119
t@em.ie,97,23,1089,no,120
t@em.ie,98,23,1101,no,121
t@em.ie,99,23,1109,no,122
t@em.ie,100,23,1113,no,123
t@em.ie,100,24,1122,no,124
t@em.ie,101,24,1142,no,125
t@em.ie,102,24,1154,no,126
t@em.ie,103,24,1163,no,127
t@em.ie,103,25,1178,no,128
t@em.ie,104,25,1183,no,129
t@em.ie,105,25,1202,no,130
t@em.ie,106,25,1213,no,131
t@em.ie,107,25,1223,no,132
t@em.ie,108,25,1228,no,133
t@em.ie,109,25,1234,no,134
t@em.ie,110,25,1241,no,135
t@em.ie,111,25,1249,no,136
t@em.ie,111,26,1259,no,137
t@em.ie,112,26,1276,no,138
t@em.ie,112,27,1290,no,139
t@em.ie,113,27,1300,no,140
t@em.ie,114,27,1306,no,141
t@em.ie,115,27,1318,no,142
t@em.ie,116,27,1325,no,143
t@em.ie,117,27,1331,no,144
t@em.ie,118,27,1342,no,145
t@em.ie,118,28,1352,no,146
t@em.ie,119,28,1356,no,147
t@em.ie,120,28,1360,no,148
t@em.ie,121,28,1371,no,149
t@em.ie,122,28,1379,no,150
t@em.ie,122,29,1393,no,151
t@em.ie,123,29,1400,no,152
t@em.ie,124,29,1409,no,153
t@em.ie,124,30,1417,no,154
t@em.ie,124,31,1428,no,155
t@em.ie,125,31,1434,no,156
t@em.ie,126,31,1449,no,157
t@em.ie,127,31,1455,no,158
t@em.ie,128,31,1465,no,159
t@em.ie,129,31,1474,no,160
t@em.ie,130,31,1487,no,161
t@em.ie,130,32,1495,no,162
t@em.ie,130,33,1500,no,163
t@em.ie,130,34,1511,no,164
t@em.ie,130,35,1519,no,165
t@em.ie,130,36,1531,no,166
t@em.ie,131,36,1547,no,167
t@em.ie,132,36,1559,no,168
t@em.ie,133,36,1569,no,169
t@em.ie,134,36,1581,no,170
t@em.ie,134,37,1594,no,171
t@em.ie,134,38,1605,no,172
t@em.ie,134,39,1617,no,173
t@em.ie,134,40,1627,no,174
t@em.ie,135,40,1638,no,175
t@em.ie,135,41,1653,no,176
t@em.ie,136,41,1664,no,177
t@em.ie,137,41,1675,no,178
t@em.ie,138,41,1687,no,179
t@em.ie,139,41,1696,no,180
t@em.ie,140,41,1706,no,181
t@em.ie,141,41,1714,no,182
t@em.ie,142,41,1724,no,183
t@em.ie,143,41,1732,no,184
t@em.ie,144,41,1740,no,185
t@em.ie,145,41,1747,no,186
t@em.ie,146,41,1754,no,187
t@em.ie,147,41,1762,no,188
t@em.ie,148,41,1773,no,189
t@em.ie,149,41,1785,no,190
t@em.ie,149,42,1799,no,191
t@em.ie,150,42,1804,no,192
t@em.ie,151,42,1814,no,193
t@em.ie,151,43,1820,no,194
t@em.ie,152,43,1826,no,195
t@em.ie,153,43,1833,no,196
t@em.ie,154,43,1844,no,197
t@em.ie,154,44,1857,no,198
t@em.ie,155,44,1867,no,199
t@em.ie,156,44,1875,no,200
t@em.ie,157,44,1883,no,201
t@em.ie,158,44,1891,no,202
t@em.ie,159,44,1902,no,203
t@em.ie,160,44,1907,no,204
t@em.ie,161,44,1913,no,205
t@em.ie,162,44,1924,no,206
t@em.ie,163,44,1930,no,207
t@em.ie,164,44,1939,no,208
t@em.ie,165,44,1945,no,209
t@em.ie,165,45,1953,no,210
t@em.ie,166,45,1962,no,211
t@em.ie,167,45,1968,no,212
t@em.ie,167,46,1976,no,213
t@em.ie,168,46,1990,no,214
t@em.ie,169,46,2002,no,215
t@em.ie,170,46,2008,no,216
t@em.ie,170,47,2023,no,217
t@em.ie,171,47,2032,no,218
t@em.ie,171,48,2037,no,219
t@em.ie,171,49,2048,no,220
t@em.ie,172,49,2060,no,221
t@em.ie,173,49,2071,no,222
t@em.ie,173,50,2081,no,223
t@em.ie,174,50,2089,no,224
t@em.ie,175,50,2103,no,225
t@em.ie,176,50,2109,no,226
t@em.ie,177,50,2114,no,227
t@em.ie,178,50,2124,no,228
t@em.ie,179,50,2135,no,229
t@em.ie,180,50,2147,no,230
t@em.ie,181,50,2154,no,231
t@em.ie,182,50,2164,no,232
t@em.ie,183,50,2171,no,233
t@em.ie,184,50,2185,no,234
t@em.ie,185,50,2195,no,235
t@em.ie,185,51,2203,no,236
t@em.ie,186,51,2209,no,237
t@em.ie,187,51,2216,no,238
t@em.ie,187,52,2224,no,239
t@em.ie,188,52,2233,no,240
t@em.ie,189,52,2248,no,241
t@em.ie,190,52,2254,no,242
t@em.ie,191,52,2260,no,243
t@em.ie,192,52,2266,no,244
t@em.ie,193,52,2275,no,245
t@em.ie,194,52,2284,no,246
t@em.ie,195,52,2291,no,247
t@em.ie,196,52,2298,no,248
t@em.ie,197,52,2308,no,249
t@em.ie,198,52,2315,no,250
t@em.ie,199,52,2323,no,251
t@em.ie,199,53,2336,no,252
t@em.ie,200,53,2341,no,253
t@em.ie,201,53,2349,no,254
t@em.ie,202,53,2353,no,255
t@em.ie,203,53,2370,no,256
t@em.ie,204,53,2378,no,257
t@em.ie,204,54,2388,no,258
t@em.ie,205,54,2402,no,259
t@em.ie,206,54,2410,no,260
t@em.ie,207,54,2419,no,261
t@em.ie,208,54,2425,no,262
t@em.ie,209,54,2434,no,263
t@em.ie,210,54,2441,no,264
t@em.ie,211,54,2449,no,265
t@em.ie,212,54,2455,no,266
t@em.ie,213,54,2462,no,267
t@em.ie,214,54,2471,no,268
t@em.ie,214,55,2483,no,269
t@em.ie,215,55,2492,no,270
t@em.ie,215,56,2508,no,271
t@em.ie,216,56,2517,no,272
t@em.ie,217,56,2526,no,273
t@em.ie,218,56,2532,no,274
t@em.ie,218,57,2540,no,275
t@em.ie,219,57,2550,no,276
t@em.ie,220,57,2563,no,277
t@em.ie,220,58,2575,no,278
t@em.ie,221,58,2587,no,279
t@em.ie,221,59,2596,no,280
t@em.ie,222,59,2611,no,281
t@em.ie,222,60,2624,no,282
t@em.ie,222,61,2637,no,283
t@em.ie,223,61,2645,no,284
t@em.ie,223,62,2654,no,285
t@em.ie,224,62,2664,no,286
t@em.ie,225,62,2675,no,287
t@em.ie,226,62,2684,no,288
t@em.ie,227,62,2692,no,289
t@em.ie,228,62,2699,no,290
t@em.ie,228,63,2707,no,291
t@em.ie,229,63,2719,no,292
t@em.ie,230,63,2734,no,293
t@em.ie,231,63,2740,no,294
t@em.ie,232,63,2751,no,295
t@em.ie,233,63,2761,no,296
t@em.ie,234,63,2768,no,297
t@em.ie,235,63,2775,no,298
t@em.ie,235,64,2782,no,299
t@em.ie,236,64,2788,no,300
t@em.ie,237,64,2797,no,301
t@em.ie,238,64,2806,no,302
t@em.ie,239,64,2817,no,303
t@em.ie,240,64,2835,no,304
t@em.ie,241,64,2844,no,305
t@em.ie,242,64,2853,no,306
t@em.ie,243,64,2862,no,307
t@em.ie,244,64,2874,no,308
t@em.ie,245,64,2884,no,309
t@em.ie,246,64,2891,no,310
t@em.ie,247,64,2898,no,311
t@em.ie,247,65,2914,no,312
t@em.ie,248,65,2931,no,313
t@em.ie,249,65,2935,no,314
t@em.ie,250,65,2940,no,315
t@em.ie,251,65,2945,no,316
t@em.ie,251,66,2954,no,317
t@em.ie,252,66,2963,no,318
t@em.ie,253,66,2972,no,319
t@em.ie,253,67,2979,no,320
t@em.ie,254,67,2988,no,321
t@em.ie,255,67,2997,no,322
t@em.ie,255,68,3007,no,323
t@em.ie,256,68,3013,no,324
t@em.ie,257,68,3025,no,325
t@em.ie,257,69,3040,no,326
t@em.ie,257,70,3053,no,327
t@em.ie,257,71,3071,no,328
t@em.ie,258,71,3080,no,329
t@em.ie,258,72,3089,no,330
t@em.ie,259,72,3093,no,331
t@em.ie,259,73,3105,no,332
t@em.ie,260,73,3111,no,333
t@em.ie,260,74,3116,no,334
t@em.ie,261,74,3122,no,335
t@em.ie,262,74,3128,no,336
t@em.ie,263,74,3138,no,337
t@em.ie,264,74,3144,no,338
t@em.ie,265,74,3153,no,339
t@em.ie,266,74,3161,no,340
t@em.ie,267,74,3166,no,341
t@em.ie,268,74,3173,no,342
t@em.ie,269,74,3186,no,343
t@em.ie,270,74,3201,no,344
t@em.ie,271,74,3209,no,345
t@em.ie,271,75,3222,no,346
t@em.ie,272,75,3229,no,347
t@em.ie,273,75,3241,no,348
t@em.ie,274,75,3251,no,349
t@em.ie,275,75,3262,no,350
t@em.ie,276,75,3271,no,351
t@em.ie,276,76,3282,no,352
t@em.ie,277,76,3291,no,353
t@em.ie,278,76,3297,no,354
t@em.ie,279,76,3309,no,355
t@em.ie,279,77,3316,no,356
t@em.ie,280,77,3328,no,357
t@em.ie,281,77,3340,no,358
t@em.ie,282,77,3344,no,359
t@em.ie,282,78,3349,no,360
t@em.ie,282,79,3361,no,361
t@em.ie,283,79,3370,no,362
t@em.ie,284,79,3380,no,363
t@em.ie,285,79,3388,no,364
t@em.ie,286,79,3394,no,365
t@em.ie,287,79,3405,no,366
t@em.ie,287,80,3415,no,367
t@em.ie,288,80,3423,no,368
t@em.ie,289,80,3430,no,369
t@em.ie,289,81,3444,no,370
t@em.ie,290,81,3455,no,371
t@em.ie,291,81,3460,no,372
t@em.ie,292,81,3472,no,373
t@em.ie,293,81,3479,no,374
t@em.ie,293,82,3486,no,375
t@em.ie,294,82,3495,no,376
t@em.ie,295,82,3504,no,377
t@em.ie,296,82,3516,no,378
t@em.ie,297,82,3522,no,379
t@em.ie,298,82,3529,no,380
t@em.ie,299,82,3540,no,381
t@em.ie,300,82,3550,no,382
t@em.ie,301,82,3562,no,383
t@em.ie,302,82,3571,no,384
t@em.ie,303,82,3580,no,385
t@em.ie,303,83,3595,no,386
t@em.ie,304,83,3607,no,387
t@em.ie,304,84,3619,no,388
t@em.ie,304,85,3628,no,389
t@em.ie,305,85,3637,no,390
t@em.ie,306,85,3648,no,391
t@em.ie,307,85,3652,no,392
t@em.ie,308,85,3659,no,393
t@em.ie,309,85,3664,no,394
t@em.ie,310,85,3670,no,395
t@em.ie,311,85,3683,no,396
t@em.ie,312,85,3687,no,397
t@em.ie,313,85,3696,no,398
t@em.ie,314,85,3702,no,399
t@em.ie,315,85,3711,no,400
t@em.ie,316,85,3720,no,401
t@em.ie,317,85,3726,no,402
t@em.ie,318,85,3732,no,403
t@em.ie,319,85,3746,no,404
t@em.ie,320,85,3751,no,405
t@em.ie,320,86,3758,no,406
t@em.ie,320,87,3765,no,407
t@em.ie,321,87,3774,no,408
t@em.ie,322,87,3782,no,409
t@em.ie,322,88,3790,no,410
t@em.ie,322,89,3796,no,411
t@em.ie,323,89,3801,no,412
t@em.ie,324,89,3813,no,413
t@em.ie,325,89,3824,no,414
t@em.ie,325,90,3834,no,415
t@em.ie,326,90,3841,no,416
t@em.ie,327,90,3850,no,417
t@em.ie,328,90,3855,no,418
t@em.ie,329,90,3862,no,419
t@em.ie,329,91,3876,no,420
t@em.ie,330,91,3887,no,421
t@em.ie,331,91,3893,no,422
t@em.ie,332,91,3903,no,423
t@em.ie,332,92,3912,no,424
t@em.ie,332,93,3923,no,425
t@em.ie,332,94,3936,no,426
t@em.ie,333,94,3944,no,427
t@em.ie,334,94,3950,no,428
t@em.ie,335,94,3963,no,429
t@em.ie,336,94,3969,no,430
t@em.ie,337,94,3977,no,431
t@em.ie,338,94,3984,no,432
t@em.ie,339,94,3990,no,433
t@em.ie,339,95,3999,no,434
t@em.ie,339,96,4009,no,435
t@em.ie,340,96,4019,no,436
t@em.ie,341,96,4029,no,437
t@em.ie,341,97,4044,no,438
t@em.ie,342,97,4050,no,439
t@em.ie,343,97,4058,no,440
t@em.ie,344,97,4064,no,441
t@em.ie,345,97,4080,no,442
t@em.ie,346,97,4086,no,443
t@em.ie,346,98,4093,no,444
t@em.ie,347,98,4100,no,445
t@em.ie,348,98,4111,no,446
t@em.ie,348,99,4122,no,447
t@em.ie,349,99,4130,no,448
t@em.ie,350,99,4142,no,449
t@em.ie,351,99,4151,no,450
t@em.ie,351,100,4163,no,451
t@em.ie,352,100,4170,no,452
t@em.ie,352,101,4178,no,453
t@em.ie,353,101,4185,no,454
t@em.ie,353,102,4205,no,455
t@em.ie,353,103,4213,no,456
t@em.ie,353,103,4234,yes,457
t@em.ie,354,103,4245,no,458
t@em.ie,355,103,4251,no,459
t@em.ie,356,103,4259,no,460
t@em.ie,357,103,4269,no,461
t@em.ie,357,104,4279,no,462
t@em.ie,358,104,4286,no,463
t@em.ie,359,104,4291,no,464
t@em.ie,360,104,4297,no,465
t@em.ie,360,105,4306,no,466
t@em.ie,361,105,4315,no,467
t@em.ie,361,106,4329,no,468
t@em.ie,362,106,4339,no,469
t@em.ie,363,106,4351,no,470
t@em.ie,364,106,4362,no,471
t@em.ie,365,106,4369,no,472
t@em.ie,366,106,4378,no,473
t@em.ie,366,107,4385,no,474
t@em.ie,367,107,4397,no,475
t@em.ie,368,107,4402,no,476
t@em.ie,369,107,4408,no,477
t@em.ie,369,108,4419,no,478
t@em.ie,370,108,4426,no,479
t@em.ie,370,109,4440,no,480
t@em.ie,371,109,4446,no,481
t@em.ie,372,109,4455,no,482
t@em.ie,373,109,4463,no,483
t@em.ie,373,110,4475,no,484
t@em.ie,374,110,4481,no,485
t@em.ie,375,110,4488,no,486
t@em.ie,376,110,4498,no,487
t@em.ie,376,111,4504,no,488
t@em.ie,377,111,4512,no,489
t@em.ie,377,112,4520,no,490
t@em.ie,378,112,4530,no,491
t@em.ie,379,112,4536,no,492
t@em.ie,379,113,4545,no,493
t@em.ie,380,113,4557,no,494
t@em.ie,381,113,4565,no,495
t@em.ie,382,113,4578,no,496
t@em.ie,383,113,4590,no,497
t@em.ie,384,113,4601,no,498
t@em.ie,385,113,4610,no,499
t@em.ie,386,113,4619,no,500
t@em.ie,387,113,4629,no,501
t@em.ie,388,113,4638,no,502
t@em.ie,389,113,4647,no,503
t@em.ie,390,113,4659,no,504
t@em.ie,390,114,4669,no,505
t@em.ie,391,114,4676,no,506
t@em.ie,392,114,4691,no,507
t@em.ie,393,114,4712,no,508
t@em.ie,393,115,4725,no,509
t@em.ie,394,115,4733,no,510
t@em.ie,395,115,4740,no,511
t@em.ie,396,115,4747,no,512
t@em.ie,397,115,4756,no,513
t@em.ie,398,115,4768,no,514
t@em.ie,399,115,4776,no,515
t@em.ie,399,116,4788,no,516
t@em.ie,399,117,4800,no,517
t@em.ie,400,117,4811,no,518
t@em.ie,401,117,4822,no,519
t@em.ie,401,118,4830,no,520
t@em.ie,402,118,4838,no,521
t@em.ie,402,119,4848,no,522
t@em.ie,403,119,4857,no,523
t@em.ie,404,119,4866,no,524
t@em.ie,405,119,4870,no,525
t@em.ie,406,119,4877,no,526
t@em.ie,406,120,4888,no,527
t@em.ie,407,120,4898,no,528
t@em.ie,408,120,4903,no,529
t@em.ie,409,120,4909,no,530
t@em.ie,410,120,4919,no,531
t@em.ie,410,121,4934,no,532
t@em.ie,411,121,4944,no,533
t@em.ie,412,121,4958,no,534
t@em.ie,413,121,4967,no,535
t@em.ie,414,121,4973,no,536
t@em.ie,415,121,4983,no,537
t@em.ie,416,121,4990,no,538
t@em.ie,416,122,5002,no,539
t@em.ie,417,122,5012,no,540
t@em.ie,418,122,5018,no,541
t@em.ie,419,122,5028,no,542
t@em.ie,420,122,5038,no,543
t@em.ie,420,123,5049,no,544
t@em.ie,421,123,5056,no,545
t@em.ie,422,123,5062,no,546
t@em.ie,423,123,5072,no,547
t@em.ie,424,123,5080,no,548
t@em.ie,425,123,5087,no,549
t@em.ie,425,124,5097,no,550
t@em.ie,425,125,5108,no,551
t@em.ie,426,125,5115,no,552
t@em.ie,427,125,5127,no,553
t@em.ie,428,125,5137,no,554
t@em.ie,428,126,5145,no,555
t@em.ie,429,126,5154,no,556
t@em.ie,430,126,5159,no,557
t@em.ie,431,126,5166,no,558
t@em.ie,431,127,5173,no,559
t@em.ie,432,127,5178,no,560
t@em.ie,433,127,5185,no,561
t@em.ie,434,127,5191,no,562
t@em.ie,434,128,5198,no,563
t@em.ie,435,128,5207,no,564
t@em.ie,436,128,5220,no,565
t@em.ie,437,128,5226,no,566
t@em.ie,438,128,5230,no,567
t@em.ie,439,128,5241,no,568
t@em.ie,440,128,5248,no,569
t@em.ie,440,129,5257,no,570
t@em.ie,440,130,5262,no,571
t@em.ie,441,130,5271,no,572
t@em.ie,441,131,5279,no,573
t@em.ie,442,131,5288,no,574
t@em.ie,443,131,5293,no,575
t@em.ie,444,131,5300,no,576
t@em.ie,445,131,5307,no,577
t@em.ie,445,132,5313,no,578
t@em.ie,446,132,5323,no,579
t@em.ie,446,133,5337,no,580
t@em.ie,447,133,5345,no,581
t@em.ie,448,133,5349,no,582
t@em.ie,449,133,5356,no,583
t@em.ie,450,133,5364,no,584
t@em.ie,451,133,5371,no,585
t@em.ie,452,133,5380,no,586
t@em.ie,452,134,5390,no,587
t@em.ie,453,134,5402,no,588
t@em.ie,454,134,5409,no,589
t@em.ie,454,135,5421,no,590
t@em.ie,455,135,5434,no,591
t@em.ie,456,135,5444,no,592
t@em.ie,457,135,5451,no,593
t@em.ie,458,135,5460,no,594
t@em.ie,459,135,5471,no,595
t@em.ie,460,135,5485,no,596
t@em.ie,461,135,5492,no,597
t@em.ie,461,136,5502,no,598
t@em.ie,462,136,5512,no,599
t@em.ie,463,136,5528,no,600
t@em.ie,464,136,5538,no,601
t@em.ie,465,136,5553,no,602
t@em.ie,465,137,5572,no,603
t@em.ie,466,137,5577,no,604
t@em.ie,466,138,5591,no,605
t@em.ie,467,138,5599,no,606
t@em.ie,468,138,5608,no,607
t@em.ie,469,138,5617,no,608
t@em.ie,470,138,5624,no,609
t@em.ie,471,138,5630,no,610
t@em.ie,472,138,5639,no,611
t@em.ie,472,139,5652,no,612
t@em.ie,472,140,5662,no,613
t@em.ie,473,140,5671,no,614
t@em.ie,474,140,5675,no,615
t@em.ie,475,140,5684,no,616
t@em.ie,476,140,5695,no,617
t@em.ie,477,140,5703,no,618
t@em.ie,478,140,5714,no,619
t@em.ie,479,140,5721,no,620
t@em.ie,480,140,5727,no,621
t@em.ie,481,140,5737,no,622
t@em.ie,481,141,5748,no,623
t@em.ie,482,141,5760,no,624
t@em.ie,482,142,5773,no,625
t@em.ie,483,142,5784,no,626
t@em.ie,484,142,5792,no,627
t@em.ie,484,143,5799,no,628
t@em.ie,485,143,5807,no,629
t@em.ie,486,143,5815,no,630
t@em.ie,487,143,5824,no,631
t@em.ie,488,143,5830,no,632
t@em.ie,489,143,5849,no,633
t@em.ie,490,143,5861,no,634
t@em.ie,490,144,5874,no,635
t@em.ie,491,144,5883,no,636
t@em.ie,492,144,5891,no,637
t@em.ie,493,144,5896,no,638
t@em.ie,494,144,5902,no,639
t@em.ie,495,144,5910,no,640
t@em.ie,496,144,5917,no,641
t@em.ie,497,144,5926,no,642
t@em.ie,498,144,5939,no,643
t@em.ie,498,145,5950,no,644
t@em.ie,499,145,5959,no,645
t@em.ie,500,145,5964,no,646
t@em.ie,501,145,5971,no,647
t@em.ie,502,145,5978,no,648
t@em.ie,503,145,5987,no,649
t@em.ie,504,145,5999,no,650
t@em.ie,504,146,6009,no,651
t@em.ie,505,146,6020,no,652
t@em.ie,506,146,6025,no,653
t@em.ie,506,147,6032,no,654
t@em.ie,507,147,6041,no,655
t@em.ie,507,148,6055,no,656
t@em.ie,507,149,6061,no,657
t@em.ie,508,149,6069,no,658
t@em.ie,509,149,6075,no,659
t@em.ie,509,150,6087,no,660
t@em.ie,509,150,6108,yes,661
t@em.ie,509,151,6118,no,662
t@em.ie,510,151,6125,no,663
t@em.ie,511,151,6136,no,664
t@em.ie,512,151,6142,no,665
t@em.ie,512,152,6152,no,666
t@em.ie,513,152,6161,no,667
t@em.ie,514,152,6172,no,668
t@em.ie,514,153,6188,no,669
t@em.ie,515,153,6199,no,670
t@em.ie,516,153,6207,no,671
t@em.ie,517,153,6220,no,672
t@em.ie,517,154,6232,no,673
t@em.ie,518,154,6240,no,674
t@em.ie,519,154,6244,no,675
t@em.ie,520,154,6254,no,676
t@em.ie,521,154,6260,no,677
t@em.ie,522,154,6267,no,678
t@em.ie,523,154,6279,no,679
t@em.ie,524,154,6284,no,680
t@em.ie,525,154,6292,no,681
t@em.ie,526,154,6301,no,682
t@em.ie,527,154,6310,no,683
t@em.ie,528,154,6318,no,684
t@em.ie,529,154,6330,no,685
t@em.ie,530,154,6339,no,686
t@em.ie,531,154,6350,no,687
t@em.ie,531,155,6363,no,688
t@em.ie,532,155,6371,no,689
t@em.ie,532,156,6379,no,690
t@em.ie,533,156,6388,no,691
t@em.ie,534,156,6400,no,692
t@em.ie,535,156,6411,no,693
t@em.ie,536,156,6417,no,694
t@em.ie,537,156,6426,no,695
t@em.ie,538,156,6433,no,696
t@em.ie,538,157,6437,no,697
t@em.ie,539,157,6446,no,698
t@em.ie,539,158,6456,no,699
t@em.ie,539,159,6468,no,700
t@em.ie,540,159,6474,no,701
t@em.ie,541,159,6486,no,702
t@em.ie,541,160,6498,no,703
t@em.ie,542,160,6505,no,704
t@em.ie,543,160,6512,no,705
t@em.ie,543,161,6526,no,706
t@em.ie,544,161,6533,no,707
t@em.ie,545,161,6537,no,708
t@em.ie,545,162,6549,no,709
t@em.ie,545,163,6558,no,710
t@em.ie,546,163,6566,no,711
t@em.ie,547,163,6574,no,712
t@em.ie,547,164,6587,no,713
t@em.ie,548,164,6591,no,714
t@em.ie,549,164,6605,no,715
t@em.ie,550,164,6614,no,716
t@em.ie,551,164,6621,no,717
t@em.ie,552,164,6629,no,718
t@em.ie,553,164,6641,no,719
t@em.ie,554,164,6648,no,720
t@em.ie,555,164,6654,no,721
t@em.ie,555,165,6669,no,722
t@em.ie,556,165,6683,no,723
t@em.ie,557,165,6695,no,724
t@em.ie,558,165,6699,no,725
t@em.ie,559,165,6707,no,726
t@em.ie,560,165,6714,no,727
t@em.ie,561,165,6722,no,728
t@em.ie,562,165,6732,no,729
t@em.ie,562,166,6746,no,730
t@em.ie,562,167,6754,no,731
t@em.ie,563,167,6766,no,732
t@em.ie,564,167,6776,no,733
t@em.ie,565,167,6787,no,734
t@em.ie,566,167,6798,no,735
t@em.ie,567,167,6809,no,736
t@em.ie,568,167,6822,no,737
t@em.ie,569,167,6832,no,738
t@em.ie,569,168,6840,no,739
t@em.ie,570,168,6855,no,740
t@em.ie,570,169,6866,no,741
t@em.ie,570,170,6878,no,742
t@em.ie,570,171,6885,no,743
t@em.ie,571,171,6897,no,744
t@em.ie,572,171,6911,no,745
t@em.ie,573,171,6918,no,746
t@em.ie,573,172,6929,no,747
t@em.ie,574,172,6941,no,748
t@em.ie,574,173,6956,no,749
t@em.ie,574,174,6964,no,750
t@em.ie,575,174,6974,no,751
t@em.ie,576,174,6983,no,752
t@em.ie,577,174,6991,no,753
t@em.ie,577,175,6997,no,754
t@em.ie,577,176,7007,no,755
t@em.ie,578,176,7016,no,756
t@em.ie,579,176,7036,no,757
t@em.ie,580,176,7047,no,758
t@em.ie,581,176,7056,no,759
t@em.ie,582,176,7065,no,760
t@em.ie,582,177,7073,no,761
t@em.ie,583,177,7081,no,762
t@em.ie,584,177,7085,no,763
t@em.ie,585,177,7089,no,764
t@em.ie,586,177,7098,no,765
t@em.ie,587,177,7105,no,766
t@em.ie,588,177,7115,no,767
t@em.ie,589,177,7122,no,768
t@em.ie,590,177,7130,no,769
t@em.ie,591,177,7139,no,770
t@em.ie,592,177,7150,no,771
t@em.ie,593,177,7157,no,772
t@em.ie,594,177,7166,no,773
t@em.ie,595,177,7176,no,774
t@em.ie,595,178,7187,no,775
t@em.ie,596,178,7197,no,776
t@em.ie,597,178,7202,no,777
t@em.ie,597,179,7215,no,778
t@em.ie,598,179,7227,no,779
t@em.ie,599,179,7244,no,780
t@em.ie,600,179,7251,no,781
t@em.ie,601,179,7258,no,782
t@em.ie,602,179,7270,no,783
t@em.ie,603,179,7281,no,784
t@em.ie,604,179,7288,no,785
t@em.ie,605,179,7296,no,786
t@em.ie,606,179,7301,no,787
t@em.ie,606,180,7309,no,788
t@em.ie,607,180,7319,no,789
t@em.ie,608,180,7323,no,790
t@em.ie,609,180,7328,no,791
t@em.ie,610,180,7335,no,792
t@em.ie,611,180,7343,no,793
t@em.ie,612,180,7351,no,794
t@em.ie,613,180,7355,no,795
t@em.ie,614,180,7365,no,796
t@em.ie,615,180,7379,no,797
t@em.ie,616,180,7384,no,798
t@em.ie,617,180,7396,no,799
t@em.ie,617,181,7405,no,800
t@em.ie,617,182,7417,no,801
t@em.ie,618,182,7425,no,802
t@em.ie,619,182,7433,no,803
t@em.ie,620,182,7438,no,804
t@em.ie,621,182,7447,no,805
t@em.ie,621,183,7460,no,806
t@em.ie,622,183,7467,no,807
t@em.ie,623,183,7477,no,808
t@em.ie,624,183,7486,no,809
t@em.ie,625,183,7493,no,810
t@em.ie,625,184,7500,no,811
t@em.ie,626,184,7511,no,812
t@em.ie,627,184,7519,no,813
t@em.ie,628,184,7524,no,814
t@em.ie,628,185,7535,no,815
t@em.ie,629,185,7540,no,816
t@em.ie,630,185,7549,no,817
t@em.ie,631,185,7554,no,818
t@em.ie,632,185,7563,no,819
t@em.ie,633,185,7571,no,820
t@em.ie,633,186,7580,no,821
t@em.ie,634,186,7594,no,822
t@em.ie,635,186,7602,no,823
t@em.ie,635,187,7606,no,824
t@em.ie,636,187,7618,no,825
t@em.ie,637,187,7622,no,826
t@em.ie,637,188,7636,no,827
t@em.ie,638,188,7644,no,828
t@em.ie,639,188,7648,no,829
t@em.ie,639,189,7654,no,830
t@em.ie,640,189,7660,no,831
t@em.ie,641,189,7665,no,832
t@em.ie,641,190,7678,no,833
t@em.ie,641,191,7688,no,834
t@em.ie,641,192,7694,no,835
t@em.ie,642,192,7701,no,836
t@em.ie,643,192,7712,no,837
t@em.ie,644,192,7729,no,838
t@em.ie,645,192,7742,no,839
t@em.ie,646,192,7754,no,840
t@em.ie,647,192,7766,no,841
t@em.ie,648,192,7779,no,842
t@em.ie,649,192,7786,no,843
t@em.ie,650,192,7794,no,844
t@em.ie,651,192,7803,no,845
t@em.ie,651,193,7810,no,846
t@em.ie,651,194,7817,no,847
t@em.ie,651,195,7826,no,848
t@em.ie,652,195,7834,no,849
t@em.ie,653,195,7843,no,850
t@em.ie,654,195,7849,no,851
t@em.ie,654,196,7859,no,852
t@em.ie,655,196,7867,no,853
t@em.ie,656,196,7875,no,854
t@em.ie,657,196,7887,no,855
t@em.ie,658,196,7893,no,856
t@em.ie,659,196,7902,no,857
t@em.ie,659,197,7911,no,858
t@em.ie,660,197,7923,no,859
t@em.ie,661,197,7930,no,860
t@em.ie,662,197,7940,no,861
t@em.ie,662,198,7951,no,862
t@em.ie,662,199,7962,no,863
t@em.ie,663,199,7969,no,864
t@em.ie,664,199,7974,no,865
t@em.ie,665,199,7981,no,866
t@em.ie,666,199,7992,no,867
t@em.ie,667,199,8006,no,868
t@em.ie,668,199,8012,no,869
t@em.ie,669,199,8024,no,870
t@em.ie,670,199,8032,no,871
t@em.ie,671,199,8041,no,872
t@em.ie,671,200,8047,no,873
t@em.ie,672,200,8058,no,874
t@em.ie,673,200,8068,no,875
t@em.ie,674,200,8081,no,876
t@em.ie,675,200,8095,no,877
t@em.ie,676,200,8106,no,878
t@em.ie,677,200,8117,no,879
t@em.ie,678,200,8122,no,880
t@em.ie,678,201,8136,no,881
t@em.ie,679,201,8152,no,882
t@em.ie,679,202,8161,no,883
t@em.ie,680,202,8173,no,884
t@em.ie,681,202,8181,no,885
t@em.ie,682,202,8191,no,886
t@em.ie,682,203,8200,no,887
t@em.ie,683,203,8208,no,888
t@em.ie,684,203,8216,no,889
t@em.ie,685,203,8227,no,890
t@em.ie,685,204,8240,no,891
t@em.ie,685,205,8250,no,892
t@em.ie,686,205,8257,no,893
t@em.ie,687,205,8264,no,894
t@em.ie,688,205,8269,no,895
t@em.ie,689,205,8280,no,896
t@em.ie,690,205,8289,no,897
t@em.ie,691,205,8301,no,898
t@em.ie,691,206,8314,no,899
t@em.ie,692,206,8321,no,900
t@em.ie,692,207,8335,no,901
t@em.ie,693,207,8345,no,902
t@em.ie,693,208,8363,no,903
t@em.ie,694,208,8374,no,904
t@em.ie,695,208,8379,no,905
t@em.ie,696,208,8390,no,906
t@em.ie,697,208,8401,no,907
t@em.ie,698,208,8410,no,908
t@em.ie,699,208,8418,no,909
t@em.ie,700,208,8428,no,910
t@em.ie,701,208,8434,no,911
t@em.ie,702,208,8441,no,912
t@em.ie,703,208,8453,no,913
t@em.ie,704,208,8462,no,914
t@em.ie,705,208,8468,no,915
t@em.ie,706,208,8477,no,916
t@em.ie,707,208,8484,no,917
t@em.ie,708,208,8492,no,918
t@em.ie,709,208,8502,no,919
t@em.ie,710,208,8518,no,920
t@em.ie,711,208,8530,no,921
t@em.ie,712,208,8535,no,922
t@em.ie,713,208,8547,no,923
t@em.ie,714,208,8558,no,924
t@em.ie,715,208,8563,no,925
t@em.ie,716,208,8571,no,926
t@em.ie,717,208,8577,no,927
t@em.ie,718,208,8587,no,928
t@em.ie,719,208,8598,no,929
t@em.ie,720,208,8606,no,930
t@em.ie,721,208,8617,no,931
t@em.ie,722,208,8623,no,932
t@em.ie,723,208,8628,no,933
t@em.ie,724,208,8642,no,934
t@em.ie,725,208,8650,no,935
t@em.ie,725,209,8660,no,936
t@em.ie,726,209,8669,no,937
t@em.ie,726,210,8681,no,938
t@em.ie,727,210,8687,no,939
t@em.ie,728,210,8700,no,940
t@em.ie,729,210,8709,no,941
t@em.ie,730,210,8713,no,942
t@em.ie,731,210,8732,no,943
t@em.ie,731,211,8739,no,944
t@em.ie,732,211,8743,no,945
t@em.ie,732,212,8755,no,946
t@em.ie,733,212,8767,no,947
t@em.ie,734,212,8772,no,948
t@em.ie,735,212,8785,no,949
t@em.ie,736,212,8796,no,950
t@em.ie,737,212,8802,no,951
t@em.ie,738,212,8806,no,952
t@em.ie,738,213,8822,no,953
t@em.ie,739,213,8830,no,954
t@em.ie,740,213,8839,no,955
t@em.ie,741,213,8846,no,956
t@em.ie,742,213,8855,no,957
t@em.ie,743,213,8863,no,958
t@em.ie,744,213,8870,no,959
t@em.ie,744,214,8885,no,960
t@em.ie,745,214,8889,no,961
t@em.ie,745,215,8894,no,962
t@em.ie,745,216,8907,no,963
t@em.ie,746,216,8916,no,964
t@em.ie,747,216,8923,no,965
t@em.ie,748,216,8927,no,966
t@em.ie,748,217,8941,no,967
t@em.ie,748,218,8956,no,968
t@em.ie,749,218,8964,no,969
t@em.ie,750,218,8974,no,970
t@em.ie,751,218,8981,no,971
t@em.ie,751,219,8990,no,972
t@em.ie,752,219,8998,no,973
t@em.ie,753,219,9004,no,974
t@em.ie,753,220,9016,no,975
t@em.ie,754,220,9027,no,976
t@em.ie,755,220,9039,no,977
t@em.ie,756,220,9048,no,978
t@em.ie,757,220,9059,no,979
t@em.ie,758,220,9064,no,980
t@em.ie,759,220,9072,no,981
t@em.ie,760,220,9079,no,982
t@em.ie,761,220,9086,no,983
t@em.ie,761,221,9100,no,984
t@em.ie,762,221,9108,no,985
t@em.ie,763,221,9115,no,986
t@em.ie,764,221,9122,no,987
t@em.ie,765,221,9130,no,988
t@em.ie,766,221,9137,no,989
t@em.ie,767,221,9146,no,990
t@em.ie,767,222,9157,no,991
t@em.ie,768,222,9166,no,992
t@em.ie,768,223,9180,no,993
t@em.ie,768,224,9194,no,994
t@em.ie,769,224,9210,no,995
t@em.ie,770,224,9214,no,996
t@em.ie,771,224,9218,no,997
t@em.ie,772,224,9224,no,998
t@em.ie,772,225,9237,no,999
t@em.ie,773,225,9246,no,1000
